<?xml version="1.0" encoding="UTF-8"?>
<Adverts>
  <Advert>
    <SiteAccountId>elegran</SiteAccountId>
    <AdvertId>5892c431faae1d3a8e8d</AdvertId>
    <CustomerType>Private</CustomerType>
    <AdvertType>Sale</AdvertType>
    <GoodType>House</GoodType>
    <PublicationDate>2017-02-01T00:00:00.000Z</PublicationDate>
    <Rooms>10</Rooms>
    <Bedrooms>5</Bedrooms>
    <LivingArea>538</LivingArea>
    <Descriptions>
      <Description languages="en">147 E. 63rd Street is a five-story gated limestone townhouse that has recently gone through a luxurious cosmetic, mechanical, and structural renovation. The house features a 30-foot garden, two terraces, an elevator that serves all five floors, and a state-of-the-art Crestron system.&lt;br&gt;&lt;br&gt;The ground floor features an elegant entry hallway and foyer, a den with custom built-ins, and a large eat-in kitchen that opens up to the landscaped garden. The stunning parlor floor ceilings soar beyond 11 feet high, where a new entertaining wet bar connects the formal dining room or library to the spacious living room with a wood-burning fireplace.&lt;br&gt;&lt;br&gt;The newly renovated master suite awaits you on the third floor. A glamorous Poliform walk-in closet connects the bedroom to the grand master bathroom which includes a wood burning fire place, Kohler appliances, Dornbracht hardware, Calacatta marble, and gradient glass. The fourth floor houses two bedrooms, two bathrooms, plenty of closet space, and laundry. Topping the building on the fifth floor are two more bedrooms  one with its own terrace. The basement features an additional laundry room, powder room, mechanicals, and several storage areas.&lt;br&gt;&lt;br&gt;147 E. 63rd Street is conveniently located in close proximity to Equinox, Soul Cycle, the subway and some of best restaurants in Manhattan. Living in this pristine townhouse is a once-in-a-lifetime opportunity.&lt;br&gt;&lt;br&gt;Can be purchased fully furnished.</Description>
    </Descriptions>
    <Photos>
      <Photo>https://images.datahubus.com/core_data/image/file/58935e/9e40b1/7f131f/645606/DSC_8031.jpg</Photo>
      <Photo>https://images.datahubus.com/core_data/image/file/58935e/ab9c12/3c131e/929647/DSC_7940.jpg</Photo>
      <Photo>https://images.datahubus.com/core_data/image/file/58935e/be3d6d/ca131f/fb40a1/DSC_8159-2.jpg</Photo>
      <Photo>https://images.datahubus.com/core_data/image/file/58935e/d29db1/fe131e/cc3568/DSC_9557.jpg</Photo>
      <Photo>https://images.datahubus.com/core_data/image/file/58935f/01076e/30131e/9db436/DSC_9563.jpg</Photo>
      <Photo>https://images.datahubus.com/core_data/image/file/58935f/12debc/5c131e/5649bc/DSC_9587.jpg</Photo>
      <Photo>https://images.datahubus.com/core_data/image/file/58935f/d84727/04131f/be7bf8/DSC_8047_1_final.jpg</Photo>
      <Photo>https://images.datahubus.com/core_data/image/file/58935f/ec1858/22131e/f24c1e/DSC_8109.jpg</Photo>
      <Photo>https://images.datahubus.com/core_data/image/file/589360/0b79d4/53131e/907efd/DSC_9634.jpg</Photo>
      <Photo>https://images.datahubus.com/core_data/image/file/589360/3a7ce9/39131e/bbc527/DSC_8116_final-2.jpg</Photo>
      <Photo>https://images.datahubus.com/core_data/image/file/589360/5b7053/7b131e/654594/DSC_9660_final.jpg</Photo>
      <Photo>https://images.datahubus.com/core_data/image/file/589360/72e2be/5f131e/32e1e4/147W63rd-02.jpg</Photo>
    </Photos>
    <Price>13950000</Price>
    <PriceCurrency>USD</PriceCurrency>
    <IsAuction>0</IsAuction>
    <Country>US</Country>
    <HideAddress>false</HideAddress>
    <Furnished>false</Furnished>
    <Address>147 E 63RD ST</Address>
    <PostalCode>10065</PostalCode>
    <State>NY</State>
    <City>NEW YORK</City>
    <Geolocation>
      <Latitude>40.764702</Latitude>
      <Longitude>-73.965691</Longitude>
      <Accuracy>8</Accuracy>
    </Geolocation>
    <Bathrooms>4</Bathrooms>
    <Contact>
      <SiteAccountId>elegran</SiteAccountId>
      <CustomerType>Private</CustomerType>
      <CorporateName>Elegran Real Estate and Development</CorporateName>
      <FirstName>Chris</FirstName>
      <LastName>Fry</LastName>
      <LandPhone>+1212-729-5712, Ext. 121</LandPhone>
      <MobilePhone>+1732-963-7080</MobilePhone>
      <Email>info@elegran.com</Email>
      <AgentId>5310cf1e14a64f6f3c000057</AgentId>
      <AgentEmail>cfry@elegran.com</AgentEmail>
      <Website>https://www.elegran.com/agents/chris-fry</Website>
      <Address>353 Lexington Avenue</Address>
      <PostalCode>10016</PostalCode>
      <City>New York</City>
      <Country>US</Country>
      <Photo>https://images.datahubus.com/core_data/image/file/53e38c/0e14a6/4fb5c2/000a08/Chris_Fry_2_copy.jpg</Photo>
      <SpokenLanguages>English</SpokenLanguages>
    </Contact>
    <ConstructionYear>1899</ConstructionYear>
  </Advert>
  <Advert>
    <SiteAccountId>elegran</SiteAccountId>
    <AdvertId>584f87787bded42a7658</AdvertId>
    <CustomerType>Private</CustomerType>
    <AdvertType>Sale</AdvertType>
    <GoodType>Flat</GoodType>
    <PublicationDate>2016-12-12T00:00:00.000Z</PublicationDate>
    <Rooms>9</Rooms>
    <Bedrooms>5</Bedrooms>
    <LivingArea>353</LivingArea>
    <Descriptions>
      <Description languages="en">Showing over the holidays: Once-in-a-lifetime opportunity to create a spacious 5+- bed, 5 bath mansion in the sky, with 2 powder rooms, home office, 4 private terraces and take your breath away views surrounded by walls of glass with total beauty inside and out. This superb high floor option to combine on the 31st floor at 56 Leonard offers iconic city, skyline and river views, 11 ceilings and interiors by Herzog &amp; de Meuron, plus unsurpassed services and amenities including a 75 lap pool, sundeck, gym, screening room, private dining, kids lounge and much more.  &lt;p&gt;Custom detailing includes sculptural elements throughout: In the chefs kitchen, a retractable granite island and seamlessly incorporated appliances with satin glass cabinets gently reflect immense natural light. The romantic bedroom suites offer soaring views all the way to Delaware, and enjoy a layout great for entertaining, with 2 chic powder rooms for your guests featuring sinks of solid travertine, custom lighting and marble elements. Double-masters offer sitting areas, immense closets and spa baths with oversized soaking tubs, radiant heating and glass-enclosed showers. Additional features include Appalachian solid white oak flooring, in-unit laundry and super quiet 4-pipe heating and cooling for year-round multi-zone climate control, plus Feng-Shui elements for balance, calm living and serenity.&lt;p&gt;This brand new Condominium offers a style of living rarely seen, with no invasive interview. Rentals, investors and guarantors are all permitted, plus the building is pet friendly. Conveniently located in prime Tribeca, with some of the City's best restaurants, shopping, transportation and green riverside parks just outside your door. The lifestyle you have been dreaming of can be yours, in brand new construction - without the wait. &lt;p&gt; Note: 2 adjacent units offered by separate Sellers for purchase together or separately - both in move-in ready condition. Alternate plans shown as suggested options only, bring your architect and create the perfect combination for your specific needs.</Description>
    </Descriptions>
    <Photos>
      <Photo>https://images.datahubus.com/core_data/image/file/585188/6ee6ba/e941b6/aaf7fe/DSC_1345.jpg</Photo>
      <Photo>https://images.datahubus.com/core_data/image/file/585188/7d6378/1f41b6/3c8c53/DSC_1318.jpg</Photo>
      <Photo>https://images.datahubus.com/core_data/image/file/589246/7766f6/fd131f/103a58/DSC_1318_final-4-2.jpg</Photo>
      <Photo>https://images.datahubus.com/core_data/image/file/585188/e455f0/714182/eb58f1/DSC_1243.jpg</Photo>
      <Photo>https://images.datahubus.com/core_data/image/file/585189/386e37/fa41b6/713fc7/DSC_1292_final-3.jpg</Photo>
      <Photo>https://images.datahubus.com/core_data/image/file/585189/10f645/934182/f48524/DSC_1229.jpg</Photo>
      <Photo>https://images.datahubus.com/core_data/image/file/585189/2c94f9/7f41b6/9163da/DSC_1388.jpg</Photo>
      <Photo>https://images.datahubus.com/core_data/image/file/585189/56eed5/3f4182/09d625/DSC_1292.jpg</Photo>
      <Photo>https://images.datahubus.com/core_data/image/file/585385/5dadc7/af2e58/eecadb/112c99c2c6ce9dbf4250b61bc3f01883.jpg</Photo>
      <Photo>https://images.datahubus.com/core_data/image/file/585385/5f2c32/7a2e58/de25a7/4221982ec7ae441ba69fdf44439c3efe.jpg</Photo>
      <Photo>https://images.datahubus.com/core_data/image/file/585385/6006f2/6b2dfb/006963/7566bb0a95afef004edfc3451245eaf3.jpg</Photo>
      <Photo>https://images.datahubus.com/core_data/image/file/585385/620766/132e51/13d712/713a1b1dfd9e225343f7b2a1fdbda27d.jpg</Photo>
      <Photo>https://images.datahubus.com/core_data/image/file/585385/63fff1/eb2e51/c558f0/5ed79360e19ac9bb29bd3f836f04b07f.jpg</Photo>
    </Photos>
    <Price>13450000</Price>
    <PriceCurrency>USD</PriceCurrency>
    <IsAuction>0</IsAuction>
    <Country>US</Country>
    <HideAddress>false</HideAddress>
    <Furnished>false</Furnished>
    <Address>56 LEONARD ST</Address>
    <PostalCode>10013</PostalCode>
    <State>NY</State>
    <City>NEW YORK</City>
    <Geolocation>
      <Latitude>40.71772</Latitude>
      <Longitude>-74.006401</Longitude>
      <Accuracy>8</Accuracy>
    </Geolocation>
    <Bathrooms>5</Bathrooms>
    <Contact>
      <SiteAccountId>elegran</SiteAccountId>
      <CustomerType>Private</CustomerType>
      <CorporateName>Elegran Real Estate and Development</CorporateName>
      <FirstName>Chris</FirstName>
      <LastName>Fry</LastName>
      <LandPhone>+1212-729-5712, Ext. 121</LandPhone>
      <MobilePhone>+1732-963-7080</MobilePhone>
      <Email>info@elegran.com</Email>
      <AgentId>5310cf1e14a64f6f3c000057</AgentId>
      <AgentEmail>cfry@elegran.com</AgentEmail>
      <Website>https://www.elegran.com/agents/chris-fry</Website>
      <Address>353 Lexington Avenue</Address>
      <PostalCode>10016</PostalCode>
      <City>New York</City>
      <Country>US</Country>
      <Photo>https://images.datahubus.com/core_data/image/file/53e38c/0e14a6/4fb5c2/000a08/Chris_Fry_2_copy.jpg</Photo>
      <SpokenLanguages>English</SpokenLanguages>
    </Contact>
    <ConstructionYear>2016</ConstructionYear>
    <Reference>56 LEONARD STAPT 31ABWEST</Reference>
    <ServiceCharge>3872</ServiceCharge>
  </Advert>
  <Advert>
    <SiteAccountId>elegran</SiteAccountId>
    <AdvertId>57bd327733014645764f</AdvertId>
    <CustomerType>Private</CustomerType>
    <AdvertType>Sale</AdvertType>
    <GoodType>Flat</GoodType>
    <PublicationDate>2016-08-23T00:00:00.000Z</PublicationDate>
    <Rooms>5</Rooms>
    <Bedrooms>3</Bedrooms>
    <LivingArea>202</LivingArea>
    <Descriptions>
      <Description languages="en">NOTE: This unit is also offered as a combination with 31A-WEST totaling 3,800 sqft of North, West and South views. Please call for more information.&lt;br&gt;&lt;br&gt;Spacious 3 bedroom 3.5 bath located in Tribeca with North and West exposures, boasting astounding views of the Hudson River and cityscape.&lt;br&gt;&lt;br&gt;31B-West features 11 ceilings, floor to ceiling windows and two private balconies. Find custom interiors by Herzog &amp; de Meuron, such as kitchen islands and countertops. The kitchen is equipped with Sub-Zero and Miele appliances. Windowed master bath has travertine, marble, and radiant heated floors. The Residence also features white oak flooring, a 4-pipe heating/cooling system, and Maytag vented washer/dryer.&lt;br&gt;&lt;br&gt;56 Leonard Street is designed by Pritzker Prize-winning architects, Herzog &amp; de Meuron. This 60-story ,145 unit condominium holds 17,000 sqft of amenities, including a 75 lap pool with sundeck, gym, screening room, lounge, private dining room, and playroom. The architectural feat, 56 Leonard Street, is in close proximity to 1, 2, 3, A, C, and E trains.&lt;br&gt;10 YEAR TAX ABATEMENT&lt;br&gt;&lt;br&gt;Video of the listing: https://www.youtube.com/watch?v=V4Eh68kAnq0</Description>
    </Descriptions>
    <Photos>
      <Photo>https://images.datahubus.com/core_data/image/file/58073e/f80a3f/041f08/4a27b0/DSC_1318_final-3.jpg</Photo>
      <Photo>https://images.datahubus.com/core_data/image/file/58073e/f8665c/c71f08/6f418d/DSC_1345.jpg</Photo>
      <Photo>https://images.datahubus.com/core_data/image/file/58073e/f893d6/9a1f08/ce947b/DSC_1292_final-3.jpg</Photo>
      <Photo>https://images.datahubus.com/core_data/image/file/58073e/f8e199/b41f08/cc20a1/DSC_1243.jpg</Photo>
      <Photo>https://images.datahubus.com/core_data/image/file/58073e/f8433b/fb1f08/551ce9/DSC_1388.jpg</Photo>
      <Photo>https://images.datahubus.com/core_data/image/file/58073e/f86eac/321f08/86bf10/DSC_1245.jpg</Photo>
      <Photo>https://images.datahubus.com/core_data/image/file/58073e/f8bd5b/e11f08/ad38a6/DSC_1208.jpg</Photo>
      <Photo>https://images.datahubus.com/core_data/image/file/58073e/f801f6/b01f08/38441e/DSC_1299.jpg</Photo>
    </Photos>
    <Price>7350000</Price>
    <PriceCurrency>USD</PriceCurrency>
    <IsAuction>0</IsAuction>
    <Country>US</Country>
    <HideAddress>false</HideAddress>
    <Furnished>false</Furnished>
    <Address>56 LEONARD ST</Address>
    <PostalCode>10013</PostalCode>
    <State>NY</State>
    <City>NEW YORK</City>
    <Geolocation>
      <Latitude>40.71772</Latitude>
      <Longitude>-74.006401</Longitude>
      <Accuracy>8</Accuracy>
    </Geolocation>
    <Bathrooms>3</Bathrooms>
    <Contact>
      <SiteAccountId>elegran</SiteAccountId>
      <CustomerType>Private</CustomerType>
      <CorporateName>Elegran Real Estate and Development</CorporateName>
      <FirstName>Chris</FirstName>
      <LastName>Fry</LastName>
      <LandPhone>+1212-729-5712, Ext. 121</LandPhone>
      <MobilePhone>+1732-963-7080</MobilePhone>
      <Email>info@elegran.com</Email>
      <AgentId>5310cf1e14a64f6f3c000057</AgentId>
      <AgentEmail>cfry@elegran.com</AgentEmail>
      <Website>https://www.elegran.com/agents/chris-fry</Website>
      <Address>353 Lexington Avenue</Address>
      <PostalCode>10016</PostalCode>
      <City>New York</City>
      <Country>US</Country>
      <Photo>https://images.datahubus.com/core_data/image/file/53e38c/0e14a6/4fb5c2/000a08/Chris_Fry_2_copy.jpg</Photo>
      <SpokenLanguages>English</SpokenLanguages>
    </Contact>
    <ConstructionYear>2016</ConstructionYear>
    <Reference>56 LEONARD STAPT 31BWEST</Reference>
    <ServiceCharge>2211</ServiceCharge>
  </Advert>
  <Advert>
    <SiteAccountId>elegran</SiteAccountId>
    <AdvertId>54ffccb8d5059b2d19c4</AdvertId>
    <CustomerType>Private</CustomerType>
    <AdvertType>Sale</AdvertType>
    <GoodType>Flat</GoodType>
    <PublicationDate>2015-03-10T00:00:00.000Z</PublicationDate>
    <Rooms>5</Rooms>
    <Bedrooms>3</Bedrooms>
    <LivingArea>206</LivingArea>
    <Descriptions>
      <Description languages="en">Spacious 3-bedroom, 3-bathroom corner loft is now available in the desirable Downtown by Philippe Starck condo. Over 2,200 square feet of luxury living makes this home a rare gem in the middle of Manhattan's fastest growing neighborhood: The Financial District.&lt;br&gt;&lt;br&gt;The sunlit living room features hardwood maple floors, 11.5 foot ceilings, and a wall of oversized windows overlooking the historic NY Stock Exchange.&lt;br&gt;&lt;br&gt;Enjoy your chefs kitchen with top-of-the-line appliances made by Bosch and Viking. The backsplash and countertops are beautifully done with white quartz; and the cabinetry is custom with ample storage.&lt;br&gt;&lt;br&gt;The home features two master bedrooms with en-suite marble bathrooms and amazing closet space throughout!&lt;br&gt;&lt;br&gt;Enjoy the lavish lifestyle of Downtown by Starck with the best white glove amenities in NYC: the building features a beautifully finished business center, bowling alley, theater, sports lounge, recreation room, children's playroom, and a fitness center complete with a yoga/ballet studio, swimming pool, and basketball court. Take advantage of the 5,000 square foot rooftop park with its very own reflecting pool and lounge area.</Description>
    </Descriptions>
    <Photos>
      <Photo>https://images.datahubus.com/core_data/image/file/58073f/040e09/611f08/1a428f/3.jpg</Photo>
      <Photo>https://images.datahubus.com/core_data/image/file/58073f/0481e9/281f08/d05205/5.jpg</Photo>
      <Photo>https://images.datahubus.com/core_data/image/file/58073f/048ead/ee1f08/7f166f/4.jpg</Photo>
      <Photo>https://images.datahubus.com/core_data/image/file/58073f/04cb12/f61f08/cf1734/7.jpg</Photo>
      <Photo>https://images.datahubus.com/core_data/image/file/58073f/04faa8/0b1f08/2fd937/2.jpg</Photo>
      <Photo>https://images.datahubus.com/core_data/image/file/58073f/041144/821f08/2b184a/1.jpg</Photo>
      <Photo>https://images.datahubus.com/core_data/image/file/58073f/045791/ea1f08/dfa160/6.jpg</Photo>
    </Photos>
    <Price>3300000</Price>
    <PriceCurrency>USD</PriceCurrency>
    <IsAuction>0</IsAuction>
    <Country>US</Country>
    <HideAddress>false</HideAddress>
    <Furnished>false</Furnished>
    <Address>15 BROAD ST</Address>
    <PostalCode>10005</PostalCode>
    <State>NY</State>
    <City>NEW YORK</City>
    <Geolocation>
      <Latitude>40.706539</Latitude>
      <Longitude>-74.010567</Longitude>
      <Accuracy>8</Accuracy>
    </Geolocation>
    <Bathrooms>3</Bathrooms>
    <Contact>
      <SiteAccountId>elegran</SiteAccountId>
      <CustomerType>Private</CustomerType>
      <CorporateName>Elegran Real Estate and Development</CorporateName>
      <FirstName>Gino</FirstName>
      <LastName>Caropreso</LastName>
      <LandPhone>+1212-729-5712, Ext. 127</LandPhone>
      <MobilePhone>+1518-929-1860</MobilePhone>
      <Email>info@elegran.com</Email>
      <AgentId>530b7ac114a64f5b12000086</AgentId>
      <AgentEmail>gino@elegran.com</AgentEmail>
      <Website>https://www.elegran.com/agents/gino-caropreso</Website>
      <Address>353 Lexington Avenue</Address>
      <PostalCode>10016</PostalCode>
      <City>New York</City>
      <Country>US</Country>
      <Photo>https://images.datahubus.com/core_data/image/file/53e4e8/f414a6/4f77d2/000059/picture-4004.jpg</Photo>
      <SpokenLanguages>English</SpokenLanguages>
    </Contact>
    <ConstructionYear>1914</ConstructionYear>
    <Reference>15 BROAD STAPT 1410</Reference>
    <ServiceCharge>1850</ServiceCharge>
  </Advert>
  <Advert>
    <SiteAccountId>elegran</SiteAccountId>
    <AdvertId>586b36ef65b8cc7c9733</AdvertId>
    <CustomerType>Private</CustomerType>
    <AdvertType>Sale</AdvertType>
    <GoodType>Flat</GoodType>
    <PublicationDate>2017-01-02T00:00:00.000Z</PublicationDate>
    <Rooms>5</Rooms>
    <Bedrooms>2</Bedrooms>
    <LivingArea>125</LivingArea>
    <Descriptions>
      <Description languages="en">This beautiful 2bedroom/2bath offers direct HUDSON RIVER VIEW!&lt;br&gt;&lt;br&gt;Located at 50 Riverside Boulevard, just steps from the Lincoln Center, enjoy access to one of the best amenity packages in Manhattan featuring 40,000sf of amenities such as pool, squash court, full size basketball court, golf simulator, rock climbing wall, bowling, fitness center and much more!!!&lt;br&gt;&lt;br&gt;This spacious 2-Bedroom, 2-Bath residence spans 1,351 SF, boasting elegant interiors by Shamir Shah Design. Oversized windows frame western exposures for Hudson River views and plenty of sunlight.&lt;br&gt;&lt;br&gt;The master bedroom has a large, walk-in closet, and a marble-clad, en-suite bathroom. Fitted with a dark oak vanity and Dornbracht polished chrome fixtures, its spa-like fixtures include a Zuma deep soaking tub and a glass-enclosed shower with rainfall showerhead.&lt;br&gt;&lt;br&gt;Outfitted with dark stained oak cabinetry and Basaltina countertops, the chefs kitchen features top-of-the-line Miele and GE appliances. Apartment 12-B also enjoys the convenience of an in-unit Miele washer and fully-vented dryer, as well as a fully vented oven.&lt;br&gt;&lt;br&gt;In addition to the access of 40,000sf of space, One Riverside Parks amenities also include a state-of-the-art La Palestra health and fitness center, as well as a formal dining room, media screening room, residents lounge, childrens playroom, and a landscaped courtyard. Please call or email to schedule a private showing today.</Description>
    </Descriptions>
    <Photos>
      <Photo>https://images.datahubus.com/core_data/image/file/589b33/331f6b/e01e89/be6464/01%20Living%20Room_final02.jpg</Photo>
      <Photo>https://images.datahubus.com/core_data/image/file/586bde/c03344/fc578c/6f7059/50-riverside-blvd-10b-08.jpg</Photo>
      <Photo>https://images.datahubus.com/core_data/image/file/586bde/fc3db0/39578c/9be1a6/50-riverside-blvd-10b-05.jpg</Photo>
      <Photo>https://images.datahubus.com/core_data/image/file/589b33/578295/e41e6f/e90860/02%20MasterBedroom_Final.jpg</Photo>
      <Photo>https://images.datahubus.com/core_data/image/file/589b33/65edcf/921e89/148338/03%20Bedroom2_Final.jpg</Photo>
      <Photo>https://images.datahubus.com/core_data/image/file/586bde/eaa0fd/fa578c/192def/50-riverside-blvd-10b.jpg</Photo>
      <Photo>https://images.datahubus.com/core_data/image/file/586bdf/20a181/00578c/ad1749/50-riverside-blvd-10b-02.jpg</Photo>
      <Photo>https://images.datahubus.com/core_data/image/file/586be0/074fe3/fe57b8/c0b44f/amenities-05-1.jpg</Photo>
      <Photo>https://images.datahubus.com/core_data/image/file/586be0/1869cd/be578c/f9f999/amenities%E2%80%9304-1.jpg</Photo>
      <Photo>https://images.datahubus.com/core_data/image/file/586be0/2797c3/c8578c/eeab2a/gym-2.jpg</Photo>
      <Photo>https://images.datahubus.com/core_data/image/file/586be0/33e29a/1457b8/960756/bowling-alley-1.jpg</Photo>
      <Photo>https://images.datahubus.com/core_data/image/file/586be0/438d6f/f9578c/d26816/amenities-03-2.jpg</Photo>
    </Photos>
    <Price>3195000</Price>
    <PriceCurrency>USD</PriceCurrency>
    <IsAuction>0</IsAuction>
    <Country>US</Country>
    <HideAddress>false</HideAddress>
    <Furnished>false</Furnished>
    <Address>50 RIVERSIDE BLVD</Address>
    <PostalCode>10069</PostalCode>
    <State>NY</State>
    <City>NEW YORK</City>
    <Geolocation>
      <Latitude>40.776989</Latitude>
      <Longitude>-73.988884</Longitude>
      <Accuracy>8</Accuracy>
    </Geolocation>
    <Bathrooms>2</Bathrooms>
    <Contact>
      <SiteAccountId>elegran</SiteAccountId>
      <CustomerType>Private</CustomerType>
      <CorporateName>Elegran Real Estate and Development</CorporateName>
      <FirstName>Thomas</FirstName>
      <LastName>Duger</LastName>
      <LandPhone>+1212-729-5684</LandPhone>
      <MobilePhone>+1315-529-1277</MobilePhone>
      <Email>info@elegran.com</Email>
      <AgentId>5398665414a64faa14000001</AgentId>
      <AgentEmail>tduger@elegran.com</AgentEmail>
      <Website>https://www.elegran.com/agents/thomas-duger</Website>
      <Address>353 Lexington Avenue</Address>
      <PostalCode>10016</PostalCode>
      <City>New York</City>
      <Country>US</Country>
      <Photo>https://images.datahubus.com/core_data/image/file/5759cd/8856c7/d86cf8/75087a/Thomas_Duger%20copy.jpg</Photo>
      <SpokenLanguages>English</SpokenLanguages>
    </Contact>
    <ConstructionYear>2015</ConstructionYear>
    <Reference>50 RIVERSIDE BLVDAPT 12B</Reference>
    <ServiceCharge>1501</ServiceCharge>
  </Advert>
  <Advert>
    <SiteAccountId>elegran</SiteAccountId>
    <AdvertId>5875d1ab3d9dd23b48b8</AdvertId>
    <CustomerType>Private</CustomerType>
    <AdvertType>Sale</AdvertType>
    <GoodType>Flat</GoodType>
    <PublicationDate>2016-06-22T00:00:00.000Z</PublicationDate>
    <Rooms>7</Rooms>
    <Bedrooms>3</Bedrooms>
    <LivingArea>171</LivingArea>
    <Descriptions>
      <Description languages="en">Priced to sell, this one of a kind gut renovated three bedroom, two-and-a-half-bath triplex in the heart of Greenwich Village is the perfect place to call home! Towering double height ceilings and floor to ceiling windows make for a townhouse-style feel and space of a private home.&lt;br&gt;&lt;br&gt;With over 1,850 square feet this designer home is complimented with exposed brick, oak floors and top of the line appliances throughout. The apartment has been gut renovated with new oak floors, top of the line kitchen and custom milled cabinetry throughout. The bottom floor has been completely reconfigured with two bedrooms, a den and full bathroom.&lt;br&gt;&lt;br&gt;Bleecker Court amenities include a 24-hour doorman with concierge service, bike room, laundry on floor, private storage and roof deck. This highly sought after building is located in the heart of Greenwich Village convenient to  the Manhattans best restaurants, shops and public transportation. No Parental Purchasing or Guarantors allowed.</Description>
    </Descriptions>
    <Photos>
      <Photo>https://images.datahubus.com/core_data/image/file/58764f/5f833f/1e11c8/a10959/_MG_0973-Edit-wm.jpg</Photo>
      <Photo>https://images.datahubus.com/core_data/image/file/58764f/7d33a4/3e1296/e0e30f/_MG_0999-Edit-wm.jpg</Photo>
      <Photo>https://images.datahubus.com/core_data/image/file/58764f/6f6459/ec11c8/0718af/_MG_0981-Edit-wm.jpg</Photo>
      <Photo>https://images.datahubus.com/core_data/image/file/58764f/8a4f14/9711c8/fed778/_MG_1008-Edit-wm.jpg</Photo>
      <Photo>https://images.datahubus.com/core_data/image/file/58764f/ab564d/4a11c8/f01641/_MG_1043-Edit-wm.jpg</Photo>
      <Photo>https://images.datahubus.com/core_data/image/file/58764f/9c7292/5d1296/792668/_MG_1016-Edit-wm.jpg</Photo>
      <Photo>https://images.datahubus.com/core_data/image/file/58764f/baadef/cf1296/3db4bc/_MG_1055-Edit-wm.jpg</Photo>
      <Photo>https://images.datahubus.com/core_data/image/file/58764f/cbc804/e41296/846977/_MG_1056-Edit-wm.jpg</Photo>
      <Photo>https://images.datahubus.com/core_data/image/file/58764f/dd15d6/a211c8/b2ae8a/_MG_1066-Edit-wm.jpg</Photo>
      <Photo>https://images.datahubus.com/core_data/image/file/58764f/e928e2/6411c8/22feb7/_MG_1074-Edit-wm.jpg</Photo>
    </Photos>
    <Price>2494995</Price>
    <PriceCurrency>USD</PriceCurrency>
    <IsAuction>0</IsAuction>
    <Country>US</Country>
    <HideAddress>false</HideAddress>
    <Furnished>false</Furnished>
    <Address>77 BLEECKER ST</Address>
    <PostalCode>10012</PostalCode>
    <State>NY</State>
    <City>NEW YORK</City>
    <Geolocation>
      <Latitude>40.727131</Latitude>
      <Longitude>-73.995911</Longitude>
      <Accuracy>8</Accuracy>
    </Geolocation>
    <Bathrooms>2</Bathrooms>
    <Contact>
      <SiteAccountId>elegran</SiteAccountId>
      <CustomerType>Private</CustomerType>
      <CorporateName>Elegran Real Estate and Development</CorporateName>
      <FirstName>Nick</FirstName>
      <LastName>Anable</LastName>
      <LandPhone>+1212-729-5712, Ext. 145</LandPhone>
      <MobilePhone>+1831-320-3891</MobilePhone>
      <Email>info@elegran.com</Email>
      <AgentId>530b7a4914a64fe879000084</AgentId>
      <AgentEmail>nanable@elegran.com</AgentEmail>
      <Website>https://www.elegran.com/agents/nick-anable</Website>
      <Address>353 Lexington Avenue</Address>
      <PostalCode>10016</PostalCode>
      <City>New York</City>
      <Country>US</Country>
      <Photo>https://images.datahubus.com/core_data/image/file/5883a6/91d272/d4412d/a112fb/45a27fe0-9f14-4ca4-a48c-b508c73d9da2_nick-anable-sq.jpg</Photo>
      <SpokenLanguages>English</SpokenLanguages>
    </Contact>
    <ConstructionYear>1930</ConstructionYear>
    <Reference>77 BLEECKER STAPT 102</Reference>
    <ServiceCharge>3434</ServiceCharge>
  </Advert>
  <Advert>
    <SiteAccountId>elegran</SiteAccountId>
    <AdvertId>55026fa1e852732d1e98</AdvertId>
    <CustomerType>Private</CustomerType>
    <AdvertType>Sale</AdvertType>
    <GoodType>Flat</GoodType>
    <PublicationDate>2016-08-23T00:00:00.000Z</PublicationDate>
    <Rooms>4</Rooms>
    <Bedrooms>2</Bedrooms>
    <LivingArea>113</LivingArea>
    <Descriptions>
      <Description languages="en">PRICE REDUCTION !!!&lt;br&gt;Rare Opportunity To Purchase in First Green Luxury Condominium In The Heart Of Murray Hill!&lt;br&gt;&lt;br&gt;2-bedroom/2-bathroom corner apartment with 108 ft ceiling heights that features contemporary kitchen cabinetry, complete with breakfast bar, sitting adjacent to a spacious, sun-flooded living room. The open chef's white glass kitchen is fully equipped with LEED certified Energy Star appliances from Liebherr and Bosch. The Bamboo flooring throughout the apartment adds a warm and timeless feeling.&lt;br&gt;&lt;br&gt;Both the living room, and bedrooms are equipped with window blinds. The spacious master bathroom boasts a simple but elegant design featuring Bianco Dolomiti marble walls, quartzite tile floors, glass mosaic tiles, Kohler, and Grohe fixtures and custom glass doors.&lt;br&gt;&lt;br&gt;This apartment also features an abundance of closet space and comes with a Bosch Washer and Dryer.&lt;br&gt;&lt;br&gt;303 East 33rd Street is a new, full service, LEED-certified condominium building, located in Murray Hill. Featuring only the finest in energy efficient and natural materials, it is not only an environmentally friendly home, it is a economically friendly home. Building Features Include 5,000 SF Landscaped Roof Deck With Spacious Sun Deck, 3000+ SF Owners Lounge, Bocce Court, Outdoor Grilling &amp; Dining Space, Garden Level Atrium With Indoor/outdoor Fireplace And Green Wall, Media Lounge &amp; Party Room, Card &amp; Game Room With Billiards, State Of The Art Fitness Center With Cardio-theater And Exercise/yoga Studio &amp; Children Playroom. Conveniently located to the 6 train at 33rd and Park Ave and close to specialty shops, restaurants, Fairway Market and Loews Multiplex Theater.&lt;br&gt;&lt;br&gt;There is a 421-a tax abatement in place until 2021.&lt;br&gt;&lt;br&gt;Tenant on month to month lease.</Description>
    </Descriptions>
    <Photos>
      <Photo>https://images.datahubus.com/core_data/image/file/58073e/4ddca1/a41f08/8bf8e6/5.jpg</Photo>
      <Photo>https://images.datahubus.com/core_data/image/file/58073e/4dc528/531f08/426808/4.jpg</Photo>
      <Photo>https://images.datahubus.com/core_data/image/file/58073e/4dc0ec/b11f08/6fbb97/3.jpg</Photo>
      <Photo>https://images.datahubus.com/core_data/image/file/58073e/4d0cbe/1c1f08/104fb4/1.jpg</Photo>
      <Photo>https://images.datahubus.com/core_data/image/file/58073e/4d7d86/a21f08/f9f081/2.jpg</Photo>
      <Photo>https://images.datahubus.com/core_data/image/file/58073e/4d3acd/cd1f08/66841d/6.jpg</Photo>
    </Photos>
    <Price>2095000</Price>
    <PriceCurrency>USD</PriceCurrency>
    <IsAuction>0</IsAuction>
    <Country>US</Country>
    <HideAddress>false</HideAddress>
    <Furnished>false</Furnished>
    <Address>303 E 33RD ST</Address>
    <PostalCode>10016</PostalCode>
    <State>NY</State>
    <City>NEW YORK</City>
    <Geolocation>
      <Latitude>40.743992</Latitude>
      <Longitude>-73.975479</Longitude>
      <Accuracy>8</Accuracy>
    </Geolocation>
    <Bathrooms>2</Bathrooms>
    <Contact>
      <SiteAccountId>elegran</SiteAccountId>
      <CustomerType>Private</CustomerType>
      <CorporateName>Elegran Real Estate and Development</CorporateName>
      <FirstName>Chris</FirstName>
      <LastName>Fry</LastName>
      <LandPhone>+1212-729-5712, Ext. 121</LandPhone>
      <MobilePhone>+1732-963-7080</MobilePhone>
      <Email>info@elegran.com</Email>
      <AgentId>5310cf1e14a64f6f3c000057</AgentId>
      <AgentEmail>cfry@elegran.com</AgentEmail>
      <Website>https://www.elegran.com/agents/chris-fry</Website>
      <Address>353 Lexington Avenue</Address>
      <PostalCode>10016</PostalCode>
      <City>New York</City>
      <Country>US</Country>
      <Photo>https://images.datahubus.com/core_data/image/file/53e38c/0e14a6/4fb5c2/000a08/Chris_Fry_2_copy.jpg</Photo>
      <SpokenLanguages>English</SpokenLanguages>
    </Contact>
    <ConstructionYear>2009</ConstructionYear>
    <Reference>303 E 33RD STAPT 8N</Reference>
    <ServiceCharge>1038</ServiceCharge>
  </Advert>
  <Advert>
    <SiteAccountId>elegran</SiteAccountId>
    <AdvertId>5875c31f6780207e4d29</AdvertId>
    <CustomerType>Private</CustomerType>
    <AdvertType>Sale</AdvertType>
    <GoodType>Flat</GoodType>
    <PublicationDate>2017-01-10T00:00:00.000Z</PublicationDate>
    <Rooms>3</Rooms>
    <Bedrooms>1</Bedrooms>
    <LivingArea>108</LivingArea>
    <Descriptions>
      <Description languages="en">Priced to Sell!!&lt;br&gt;A sprawling space at nearly 1,200sf, accented by 10 ft high ceilings and elegant finishes. The true  floor-to-ceiling West-facing windows flood the large living area and open kitchen with warm, natural light. The modern, smartly designed kitchen is beautiful and efficient. It is accented with neutral hues, Calacatta ligano marble, and handsome lacquered cabinetry, which combine to make cooking a true joy.&lt;br&gt;&lt;br&gt;Highlights of this homes sophisticated master bathroom include oversized white marble tiles edged with brushed bronze, marble countertops, and brushed bronze fixtures. Enjoy the luxurious deep-soaking tub, and step out onto radiant heated floors. The full second bathroom features glass wall tiles and bronze Kohler fittings.&lt;br&gt;&lt;br&gt;Other unique features of this new construction home are a gracious entry foyer and a separate home office, which could also be used as a 2nd Bedroom.&lt;br&gt;&lt;br&gt;Exemplifying what it means to live in a luxury building, the Halcyon offers the best amenities of any East Side condominium. Perched high above Manhattan, the Halcyons 52 ft. heated lap pool, indoor sun deck, unique aqua spa, and the three-story fitness center with state-of-the-art equipment, leave nothing to be desired. Residents can also host cocktail parties or seated dinners in the loft-like sky lounge, or slip into the serene environment of the warm, oak-floored library and courtyard. In addition, the Halcyon features a unique childrens playroom, an ideal space for art projects or story time.&lt;br&gt;&lt;br&gt;Located on a beautiful tree-lined street and just minutes away from the 6, E, and M subway stop, you can have convenience, a great neighborhood and an incredible apartment to call home. Call or email to schedule a private showing today.</Description>
    </Descriptions>
    <Photos>
      <Photo>https://images.datahubus.com/core_data/image/file/589b3b/d2fd06/741e6f/312856/_MG_0593-Edit-wm.jpg</Photo>
      <Photo>https://images.datahubus.com/core_data/image/file/5898b9/8435ba/ad1e6f/fdd5cb/_MG_0612-Edit-wm.jpg</Photo>
      <Photo>https://images.datahubus.com/core_data/image/file/5898b9/9d1149/cd1e89/bab6aa/_MG_0603-Edit-wm.jpg</Photo>
      <Photo>https://images.datahubus.com/core_data/image/file/5898b9/b5d70f/9f1e6f/9b764f/_MG_0587-Edit-wm.jpg</Photo>
      <Photo>https://images.datahubus.com/core_data/image/file/5898b9/cf1879/261e89/3f477a/_MG_0561-Edit-wm.jpg</Photo>
      <Photo>https://images.datahubus.com/core_data/image/file/5898b9/e04571/5e1e6f/b1740c/_MG_0557-Edit-wm.jpg</Photo>
      <Photo>https://images.datahubus.com/core_data/image/file/5898b9/f48dbb/201e89/fda834/_MG_0566-Edit-wm.jpg</Photo>
      <Photo>https://images.datahubus.com/core_data/image/file/5898ba/28b4cf/471e89/5d50cb/305-e-51st-6H-08.jpg</Photo>
      <Photo>https://images.datahubus.com/core_data/image/file/587651/e3f9d0/bf11c8/4df22e/305-e-51st-6H-04.jpg</Photo>
      <Photo>https://images.datahubus.com/core_data/image/file/5898bb/01e881/de1e6f/6d286a/_MG_0625-Edit-wm.jpg</Photo>
      <Photo>https://images.datahubus.com/core_data/image/file/587652/0fcf01/161296/156201/pool-new.jpg</Photo>
      <Photo>https://images.datahubus.com/core_data/image/file/587652/1f17b9/751296/54a1ab/movement-studio-new.jpg</Photo>
      <Photo>https://images.datahubus.com/core_data/image/file/587652/30b957/9211c8/3d081e/childrens-playroom.jpg</Photo>
      <Photo>https://images.datahubus.com/core_data/image/file/5875cf/256556/bf3e00/52d2e1/a5e89271f94da3fc0e0cadb350515063.jpg</Photo>
    </Photos>
    <Price>1999000</Price>
    <PriceCurrency>USD</PriceCurrency>
    <IsAuction>0</IsAuction>
    <Country>US</Country>
    <HideAddress>false</HideAddress>
    <Furnished>false</Furnished>
    <Address>305 E 51ST ST</Address>
    <PostalCode>10022</PostalCode>
    <State>NY</State>
    <City>NEW YORK</City>
    <Geolocation>
      <Latitude>40.75552</Latitude>
      <Longitude>-73.967468</Longitude>
      <Accuracy>8</Accuracy>
    </Geolocation>
    <Bathrooms>2</Bathrooms>
    <Contact>
      <SiteAccountId>elegran</SiteAccountId>
      <CustomerType>Private</CustomerType>
      <CorporateName>Elegran Real Estate and Development</CorporateName>
      <FirstName>Thomas</FirstName>
      <LastName>Duger</LastName>
      <LandPhone>+1212-729-5684</LandPhone>
      <MobilePhone>+1315-529-1277</MobilePhone>
      <Email>info@elegran.com</Email>
      <AgentId>5398665414a64faa14000001</AgentId>
      <AgentEmail>tduger@elegran.com</AgentEmail>
      <Website>https://www.elegran.com/agents/thomas-duger</Website>
      <Address>353 Lexington Avenue</Address>
      <PostalCode>10016</PostalCode>
      <City>New York</City>
      <Country>US</Country>
      <Photo>https://images.datahubus.com/core_data/image/file/5759cd/8856c7/d86cf8/75087a/Thomas_Duger%20copy.jpg</Photo>
      <SpokenLanguages>English</SpokenLanguages>
    </Contact>
    <ConstructionYear>2014</ConstructionYear>
    <Reference>305 E 51ST STAPT 6H</Reference>
    <ServiceCharge>1174</ServiceCharge>
  </Advert>
  <Advert>
    <SiteAccountId>elegran</SiteAccountId>
    <AdvertId>5858c22028b43332694b</AdvertId>
    <CustomerType>Private</CustomerType>
    <AdvertType>Sale</AdvertType>
    <GoodType>Flat</GoodType>
    <PublicationDate>2016-12-19T00:00:00.000Z</PublicationDate>
    <Rooms>3</Rooms>
    <Bedrooms>1</Bedrooms>
    <LivingArea>79</LivingArea>
    <Descriptions>
      <Description languages="en">One of a kind, largest 1 bedroom in the building.&lt;br&gt;&lt;br&gt;11' CEILINGS&lt;br&gt;PRIVATE STORAGE INCLUDED&lt;br&gt;UPGRADED ELECTRONIC WINDOW SHADES&lt;br&gt;CALIFORNIA CLOSETS&lt;br&gt;VENTED WASHER/DRYER&lt;br&gt;&lt;br&gt;Spacious and Sunny One Bedroom, One Bath residence, including a gourmet kitchen with wide plank oak flooring with a custom dark stain and a breakfast bar. The kitchen is outfitted with a white marble countertops, a stainless steel tile backsplash and a polished white lacquer cabinetry. The Master bathroom is modern and luxurious with dark oak vanity with double sinks, marble countertops and walls, Zuma deep soaking tub and separate Glass enclosed shower with rainfall showerhead and Dornbracht polished chrome fixtures. A Miele washer and fully vented dryer are also included. The building has a full service 24 hours doorman/concierge with over 40,000 square feet of amenities.</Description>
    </Descriptions>
    <Photos>
      <Photo>https://images.datahubus.com/core_data/image/file/585993/ab4471/e52061/29c277/1.jpg</Photo>
      <Photo>https://images.datahubus.com/core_data/image/file/585993/bd49b8/382ccb/a5c5d7/2.jpg</Photo>
      <Photo>https://images.datahubus.com/core_data/image/file/585993/cd56d1/e42ccb/2a13be/3.jpg</Photo>
      <Photo>https://images.datahubus.com/core_data/image/file/585993/dbe541/a62061/9fa774/4.jpg</Photo>
      <Photo>https://images.datahubus.com/core_data/image/file/585993/e9da7c/f02ccb/83f6f3/5.jpg</Photo>
      <Photo>https://images.datahubus.com/core_data/image/file/585993/fa1174/112061/58c41b/6.jpg</Photo>
      <Photo>https://images.datahubus.com/core_data/image/file/585994/091882/002ccb/fa9f07/7.jpg</Photo>
      <Photo>https://images.datahubus.com/core_data/image/file/585994/b55430/062061/5ea42d/amenities%E2%80%9304.jpg</Photo>
      <Photo>https://images.datahubus.com/core_data/image/file/585994/c70ae5/692ccb/3934ca/amenities-03-1.jpg</Photo>
      <Photo>https://images.datahubus.com/core_data/image/file/585994/da93c5/0e2061/3ed0a1/amenities%E2%80%9301.jpg</Photo>
    </Photos>
    <Price>1800000</Price>
    <PriceCurrency>USD</PriceCurrency>
    <IsAuction>0</IsAuction>
    <Country>US</Country>
    <HideAddress>false</HideAddress>
    <Furnished>false</Furnished>
    <Address>50 RIVERSIDE BLVD</Address>
    <PostalCode>10069</PostalCode>
    <State>NY</State>
    <City>NEW YORK</City>
    <Geolocation>
      <Latitude>40.776989</Latitude>
      <Longitude>-73.988884</Longitude>
      <Accuracy>8</Accuracy>
    </Geolocation>
    <Bathrooms>1</Bathrooms>
    <Contact>
      <SiteAccountId>elegran</SiteAccountId>
      <CustomerType>Private</CustomerType>
      <CorporateName>Elegran Real Estate and Development</CorporateName>
      <FirstName>Nick</FirstName>
      <LastName>Anable</LastName>
      <LandPhone>+1212-729-5712, Ext. 145</LandPhone>
      <MobilePhone>+1831-320-3891</MobilePhone>
      <Email>info@elegran.com</Email>
      <AgentId>530b7a4914a64fe879000084</AgentId>
      <AgentEmail>nanable@elegran.com</AgentEmail>
      <Website>https://www.elegran.com/agents/nick-anable</Website>
      <Address>353 Lexington Avenue</Address>
      <PostalCode>10016</PostalCode>
      <City>New York</City>
      <Country>US</Country>
      <Photo>https://images.datahubus.com/core_data/image/file/5883a6/91d272/d4412d/a112fb/45a27fe0-9f14-4ca4-a48c-b508c73d9da2_nick-anable-sq.jpg</Photo>
      <SpokenLanguages>English</SpokenLanguages>
    </Contact>
    <ConstructionYear>2015</ConstructionYear>
    <Reference>50 RIVERSIDE BLVDAPT 7P</Reference>
    <ServiceCharge>953</ServiceCharge>
  </Advert>
  <Advert>
    <SiteAccountId>elegran</SiteAccountId>
    <AdvertId>5875c2e842fc1f68ad78</AdvertId>
    <CustomerType>Private</CustomerType>
    <AdvertType>Sale</AdvertType>
    <GoodType>Flat</GoodType>
    <PublicationDate>2017-01-10T00:00:00.000Z</PublicationDate>
    <Rooms>5</Rooms>
    <Bedrooms>2</Bedrooms>
    <LivingArea>91</LivingArea>
    <Descriptions>
      <Description languages="en">Beautiful 2 bedroom/2 bath home available in prime Midtown location. This sun-drenched apartment features floor to ceiling windows, along with top name-brand appliances and finishes. The Poggenphol-designed kitchen features bluestone countertops and includes a Sub-Zero bottom-freezer refrigerator and Bosch-branded dishwasher and range/oven.&lt;br&gt;&lt;br&gt;The master bedroom was built with beauty and function in mind with a large walk-in closet and custom built-in cabinets, while the master bathroom features a walk-in shower and 2 sinks. The guest bath has a custom sliding glass door and soaking tub.&lt;br&gt;&lt;br&gt;Residents of the Link Condominium enjoy the many amenities of this full-service 24-hour doorman building including a furnished outdoor terrace, state-of-the-art fitness center, concierge, lobby garden and private storage available.&lt;br&gt;&lt;br&gt;The location could not be more ideal, with Central Park, Lincoln Center, Broadway and the some of the best restaurants and shopping Manhattan has to offer right around the corner. There is also easy access to Whole Foods and several subway lines.&lt;br&gt;&lt;br&gt;421-A Tax Abatement in place until end of 2019.&lt;br&gt;&lt;br&gt;Private storage included.</Description>
    </Descriptions>
    <Photos>
      <Photo>https://images.datahubus.com/core_data/image/file/587656/fc4a13/1f11c8/b5ca12/DSC_6866_1.jpg</Photo>
      <Photo>https://images.datahubus.com/core_data/image/file/587657/954310/1611c8/5ca70b/DSC_6925-3.jpg</Photo>
      <Photo>https://images.datahubus.com/core_data/image/file/587657/a3a516/fa11c8/bce646/DSC_6894%20copy.jpg</Photo>
      <Photo>https://images.datahubus.com/core_data/image/file/587657/af46e6/2c1296/82bf66/DSC_6901.jpg</Photo>
      <Photo>https://images.datahubus.com/core_data/image/file/587657/bc2411/2d1296/4cba20/DSC_6909_1.jpg</Photo>
      <Photo>https://images.datahubus.com/core_data/image/file/587657/cba231/ce11c8/38edb9/DSC_6919_1.jpg</Photo>
    </Photos>
    <Price>1699000</Price>
    <PriceCurrency>USD</PriceCurrency>
    <IsAuction>0</IsAuction>
    <Country>US</Country>
    <HideAddress>false</HideAddress>
    <Furnished>false</Furnished>
    <Address>310 W 52ND ST</Address>
    <PostalCode>10019</PostalCode>
    <State>NY</State>
    <City>NEW YORK</City>
    <Geolocation>
      <Latitude>40.763618</Latitude>
      <Longitude>-73.985962</Longitude>
      <Accuracy>8</Accuracy>
    </Geolocation>
    <Bathrooms>2</Bathrooms>
    <Contact>
      <SiteAccountId>elegran</SiteAccountId>
      <CustomerType>Private</CustomerType>
      <CorporateName>Elegran Real Estate and Development</CorporateName>
      <FirstName>Nick</FirstName>
      <LastName>Anable</LastName>
      <LandPhone>+1212-729-5712, Ext. 145</LandPhone>
      <MobilePhone>+1831-320-3891</MobilePhone>
      <Email>info@elegran.com</Email>
      <AgentId>530b7a4914a64fe879000084</AgentId>
      <AgentEmail>nanable@elegran.com</AgentEmail>
      <Website>https://www.elegran.com/agents/nick-anable</Website>
      <Address>353 Lexington Avenue</Address>
      <PostalCode>10016</PostalCode>
      <City>New York</City>
      <Country>US</Country>
      <Photo>https://images.datahubus.com/core_data/image/file/5883a6/91d272/d4412d/a112fb/45a27fe0-9f14-4ca4-a48c-b508c73d9da2_nick-anable-sq.jpg</Photo>
      <SpokenLanguages>English</SpokenLanguages>
    </Contact>
    <ConstructionYear>2007</ConstructionYear>
    <Reference>310 W 52ND STAPT 4D</Reference>
    <ServiceCharge>1082</ServiceCharge>
  </Advert>
  <Advert>
    <SiteAccountId>elegran</SiteAccountId>
    <AdvertId>57ef6609bf500c40c0e3</AdvertId>
    <CustomerType>Private</CustomerType>
    <AdvertType>Sale</AdvertType>
    <GoodType>Flat</GoodType>
    <PublicationDate>2016-09-30T00:00:00.000Z</PublicationDate>
    <Rooms>3</Rooms>
    <Bedrooms>1</Bedrooms>
    <LivingArea>79</LivingArea>
    <Descriptions>
      <Description languages="en">Investors , tenant in place&lt;br&gt;&lt;br&gt;Boutique residence. NoMad address.&lt;br&gt;&lt;br&gt;855sf - Largest 1-bedroom in building&lt;br&gt;&lt;br&gt;Southern / 29th Street exposure&lt;br&gt;&lt;br&gt;Dual vanity bath&lt;br&gt;&lt;br&gt;Walk in closet&lt;br&gt;&lt;br&gt;Enjoy the most requested amenities in Manhattan --- Rooftop Lounge &amp; sport club quality Fitness Center</Description>
    </Descriptions>
    <Photos>
      <Photo>https://images.datahubus.com/core_data/image/file/58073f/08edc8/b11f08/4060d5/_MG_6696-Edit-wm.jpg</Photo>
      <Photo>https://images.datahubus.com/core_data/image/file/58073f/08ef8b/a81f08/e2bac8/_MG_6702-Edit-wm.jpg</Photo>
      <Photo>https://images.datahubus.com/core_data/image/file/58073f/08b173/871f08/de0766/_MG_6725-Edit-wm.jpg</Photo>
      <Photo>https://images.datahubus.com/core_data/image/file/58073f/087a72/f31f08/73e66f/_MG_6741-Edit-wm.jpg</Photo>
      <Photo>https://images.datahubus.com/core_data/image/file/58073f/089553/4a1f08/04f3cb/_MG_6731-Edit-wm.jpg</Photo>
      <Photo>https://images.datahubus.com/core_data/image/file/58073f/089bea/791f08/9aaab9/_MG_6710-Edit-wm.jpg</Photo>
      <Photo>https://images.datahubus.com/core_data/image/file/58073f/082f41/8b1f08/dbcc1c/39-e-29-amenities-1.jpg</Photo>
      <Photo>https://images.datahubus.com/core_data/image/file/58073f/088c2f/341f08/72cb23/39-e-29-amenities-2.jpg</Photo>
      <Photo>https://images.datahubus.com/core_data/image/file/58073f/0884b8/3e1f08/07dda4/39-e-29-amenities-3.jpg</Photo>
      <Photo>https://images.datahubus.com/core_data/image/file/58073f/08562b/431f08/24b2e5/39-e-29-amenities-4.jpg</Photo>
      <Photo>https://images.datahubus.com/core_data/image/file/58073f/089e0b/d11f08/82c03f/39-e-29-amenities-5.jpg</Photo>
    </Photos>
    <Price>1650000</Price>
    <PriceCurrency>USD</PriceCurrency>
    <IsAuction>0</IsAuction>
    <Country>US</Country>
    <HideAddress>false</HideAddress>
    <Furnished>false</Furnished>
    <Address>39 E 29TH ST</Address>
    <PostalCode>10016</PostalCode>
    <State>NY</State>
    <City>NEW YORK</City>
    <Geolocation>
      <Latitude>40.74435</Latitude>
      <Longitude>-73.984222</Longitude>
      <Accuracy>8</Accuracy>
    </Geolocation>
    <Bathrooms>1</Bathrooms>
    <Contact>
      <SiteAccountId>elegran</SiteAccountId>
      <CustomerType>Private</CustomerType>
      <CorporateName>Elegran Real Estate and Development</CorporateName>
      <FirstName>Ashley</FirstName>
      <LastName>Reidy</LastName>
      <LandPhone>+1212-729-5712, Ext. 152</LandPhone>
      <MobilePhone>+1203-506-7657</MobilePhone>
      <Email>info@elegran.com</Email>
      <AgentId>535155a714a64f6586000006</AgentId>
      <AgentEmail>ashley@elegran.com</AgentEmail>
      <Website>https://www.elegran.com/agents/ashley-reidy</Website>
      <Address>353 Lexington Avenue</Address>
      <PostalCode>10016</PostalCode>
      <City>New York</City>
      <Country>US</Country>
      <Photo>https://images.datahubus.com/core_data/image/file/53e4fa/6614a6/4f03ae/000019/ashley-reidy-sq%20copy.jpg</Photo>
      <SpokenLanguages>English</SpokenLanguages>
    </Contact>
    <ConstructionYear>1900</ConstructionYear>
    <Reference>39 E 29TH STAPT 10B</Reference>
    <ServiceCharge>815</ServiceCharge>
  </Advert>
  <Advert>
    <SiteAccountId>elegran</SiteAccountId>
    <AdvertId>587efd6cbfaa00266d87</AdvertId>
    <CustomerType>Private</CustomerType>
    <AdvertType>Sale</AdvertType>
    <GoodType>Flat</GoodType>
    <PublicationDate>2017-01-17T00:00:00.000Z</PublicationDate>
    <Rooms>2</Rooms>
    <Bedrooms>1</Bedrooms>
    <LivingArea>0</LivingArea>
    <Descriptions>
      <Description languages="en">West Village! Park Views!&lt;br&gt;&lt;br&gt;3D Virtual Walk Through: www.14h3f.com&lt;br&gt;(copy &amp; paste)&lt;br&gt;&lt;br&gt;The Van Gogh Building is one of the rare sought after full service buildings in the West Village.  This co-op has a 24-hour doorman, live-in-super, pet friendly, bicycle storage, central laundry. It also is known to have one of the best roof decks in the West Village with 360 degree views, community herb garden, trees and lush foliage in the summer. In the heart of the  West Village with easy access to the High-Line, Meat Packing District, and Chelsea Market.&lt;br&gt;&lt;br&gt;This full service 1 Bedroom is nestled in the heart of the West Village overlooking Jackson Square Park.  It has ample storage and closet space with built in custom California Closets. The upgraded sound insulated windows allow the beauty of New York in without the noise.&lt;br&gt;It is a block away from two subway lines and steps away from the magical quaint streets of the West Village.&lt;br&gt;This elegantly designed home has been meticulously gut renovated, with all the electrical being upgraded and replaced. It weaves in custom architectural details and high end finishes throughout to create the perfect oasis in the heart of Manhattan.&lt;br&gt;Granite counters, carrara marble bathroom, crown molding, recessed lighting and custom solid wood doors though-out. The building also has an advanced water filtration system. This designer renovated home feels like you have settled into your own Ralph Lauren Ad.  Your home awaits!!&lt;br&gt;&lt;br&gt;Assessment: $59.22/month ends July 2018</Description>
    </Descriptions>
    <Photos>
      <Photo>https://images.datahubus.com/core_data/image/file/587f8e/1b692b/b61296/9f3cca/RE000053.jpg</Photo>
      <Photo>https://images.datahubus.com/core_data/image/file/587f8e/39e9ee/5011c8/32f520/RE000054.jpg</Photo>
      <Photo>https://images.datahubus.com/core_data/image/file/587f8e/29dd6f/a81296/bed226/RE000042.jpg</Photo>
      <Photo>https://images.datahubus.com/core_data/image/file/587f8e/481add/cf1296/622b02/RE000027.jpg</Photo>
      <Photo>https://images.datahubus.com/core_data/image/file/587f8e/57d92d/e911c8/4183dc/RE000033.jpg</Photo>
      <Photo>https://images.datahubus.com/core_data/image/file/587f8e/76924a/2b11c8/9809ed/RE000051-1.jpg</Photo>
      <Photo>https://images.datahubus.com/core_data/image/file/588062/db8b64/d4291d/38fdad/9e05ead53a01bc093c5418579025c551.jpg</Photo>
      <Photo>https://images.datahubus.com/core_data/image/file/587f00/32fff3/ad68e8/9a79fb/856ee9f0e569acc888cad98b6b3a5a33.jpg</Photo>
      <Photo>https://images.datahubus.com/core_data/image/file/587f00/2e28b8/c72669/a2b3d2/6a53f87c2527b498264e84c458197b1b.jpg</Photo>
      <Photo>https://images.datahubus.com/core_data/image/file/587f00/30c845/b2266d/8285ae/4e72aa1121cbd6ed5f9b4bf73bcd0c06.jpg</Photo>
      <Photo>https://images.datahubus.com/core_data/image/file/587f00/34a42d/372669/bf0a8d/f5f92ab7769baf9f13b3815d43adb9c8.jpg</Photo>
      <Photo>https://images.datahubus.com/core_data/image/file/587f00/32e6f3/3968e8/687768/80b36af7aae047017b685e319203a2a6.jpg</Photo>
      <Photo>https://images.datahubus.com/core_data/image/file/587f00/29a9da/ce661b/12c641/ed777a8da78a8357d47e5f6a1e4da5a7.jpg</Photo>
      <Photo>https://images.datahubus.com/core_data/image/file/587f00/2ab27c/215e55/e78c63/2c6a792fe0c9b06636fc085c8f878054.jpg</Photo>
    </Photos>
    <Price>1295000</Price>
    <PriceCurrency>USD</PriceCurrency>
    <IsAuction>0</IsAuction>
    <Country>US</Country>
    <HideAddress>false</HideAddress>
    <Furnished>false</Furnished>
    <Address>14 HORATIO ST</Address>
    <PostalCode>10014</PostalCode>
    <State>NY</State>
    <City>NEW YORK</City>
    <Geolocation>
      <Latitude>40.738617</Latitude>
      <Longitude>-74.003181</Longitude>
      <Accuracy>8</Accuracy>
    </Geolocation>
    <Bathrooms>1</Bathrooms>
    <Contact>
      <SiteAccountId>elegran</SiteAccountId>
      <CustomerType>Private</CustomerType>
      <CorporateName>Elegran Real Estate and Development</CorporateName>
      <FirstName>Elijah </FirstName>
      <LastName>Brown</LastName>
      <LandPhone>+1212-729-5712, Ext. 158</LandPhone>
      <MobilePhone>+1917-436-6673</MobilePhone>
      <Email>info@elegran.com</Email>
      <AgentId>55427faa16d829230c696daf</AgentId>
      <AgentEmail>elijah@elegran.com</AgentEmail>
      <Website>https://www.elegran.com/agents/elijah-brown</Website>
      <Address>353 Lexington Avenue</Address>
      <PostalCode>10016</PostalCode>
      <City>New York</City>
      <Country>US</Country>
      <Photo>https://images.datahubus.com/core_data/image/file/5547ba/746f40/b71019/7b2a5b/Elijah_Brown-1_1_.jpg</Photo>
      <SpokenLanguages>English</SpokenLanguages>
    </Contact>
    <ConstructionYear>1960</ConstructionYear>
    <Reference>14 HORATIO STAPT 3F</Reference>
    <ServiceCharge>1254</ServiceCharge>
  </Advert>
  <Advert>
    <SiteAccountId>elegran</SiteAccountId>
    <AdvertId>584106e93810390983e5</AdvertId>
    <CustomerType>Private</CustomerType>
    <AdvertType>Sale</AdvertType>
    <GoodType>Flat</GoodType>
    <PublicationDate>2016-12-01T00:00:00.000Z</PublicationDate>
    <Rooms>2</Rooms>
    <Bedrooms>1</Bedrooms>
    <LivingArea>106</LivingArea>
    <Descriptions>
      <Description languages="en">CORNER 1-bed offering 1,142 SF&lt;br&gt;&lt;br&gt;25 FT x 16 FT GREAT ROOM accommodates DINING alcove and OFFICE nook&lt;br&gt;&lt;br&gt;Master bedroom offers WALLS OF CLOSETS&lt;br&gt;&lt;br&gt;POWDER ROOM&lt;br&gt;&lt;br&gt;WINDOWED KITCHEN&lt;br&gt;&lt;br&gt;BALCONY facing courtyard&lt;br&gt;&lt;br&gt;NEW FLOORS throughout&lt;br&gt;&lt;br&gt;ONLY TWO RESIDENCES PER FLOOR</Description>
    </Descriptions>
    <Photos>
      <Photo>https://images.datahubus.com/core_data/image/file/5845a4/d9fe93/ca2ca7/d5ccd9/Photo-Watermark.jpg</Photo>
      <Photo>https://images.datahubus.com/core_data/image/file/5841ca/a4b8af/002ca7/c492e6/RE000024.jpg</Photo>
      <Photo>https://images.datahubus.com/core_data/image/file/5841ca/b3b6bd/5d2ca7/c522c1/RE0000023.jpg</Photo>
      <Photo>https://images.datahubus.com/core_data/image/file/5841ca/fecdc0/bd2cae/203f5a/RE000019.jpg</Photo>
      <Photo>https://images.datahubus.com/core_data/image/file/5841cb/1427da/2b2cae/a06784/RE000021.jpg</Photo>
      <Photo>https://images.datahubus.com/core_data/image/file/5841cb/21ca30/db2cae/b2e54c/RE000020.jpg</Photo>
      <Photo>https://images.datahubus.com/core_data/image/file/587f1c/c9c94f/e277f6/a86f02/dd216b1a2ef5a29e59c4a67bed36af85.jpg</Photo>
      <Photo>https://images.datahubus.com/core_data/image/file/584661/aa792b/a62a68/bf8f68/cca316c9efb34160bc9f87394a4799da.jpg</Photo>
    </Photos>
    <Price>1250000</Price>
    <PriceCurrency>USD</PriceCurrency>
    <IsAuction>0</IsAuction>
    <Country>US</Country>
    <HideAddress>false</HideAddress>
    <Furnished>false</Furnished>
    <Address>211 MADISON AVE</Address>
    <PostalCode>10016</PostalCode>
    <State>NY</State>
    <City>NEW YORK</City>
    <Geolocation>
      <Latitude>40.748669</Latitude>
      <Longitude>-73.981956</Longitude>
      <Accuracy>8</Accuracy>
    </Geolocation>
    <Bathrooms>1</Bathrooms>
    <Contact>
      <SiteAccountId>elegran</SiteAccountId>
      <CustomerType>Private</CustomerType>
      <CorporateName>Elegran Real Estate and Development</CorporateName>
      <FirstName>Ashley</FirstName>
      <LastName>Reidy</LastName>
      <LandPhone>+1212-729-5712, Ext. 152</LandPhone>
      <MobilePhone>+1203-506-7657</MobilePhone>
      <Email>info@elegran.com</Email>
      <AgentId>535155a714a64f6586000006</AgentId>
      <AgentEmail>ashley@elegran.com</AgentEmail>
      <Website>https://www.elegran.com/agents/ashley-reidy</Website>
      <Address>353 Lexington Avenue</Address>
      <PostalCode>10016</PostalCode>
      <City>New York</City>
      <Country>US</Country>
      <Photo>https://images.datahubus.com/core_data/image/file/53e4fa/6614a6/4f03ae/000019/ashley-reidy-sq%20copy.jpg</Photo>
      <SpokenLanguages>English</SpokenLanguages>
    </Contact>
    <ConstructionYear>1985</ConstructionYear>
    <Reference>211 MADISON AVEAPT 10A</Reference>
    <ServiceCharge>1693</ServiceCharge>
  </Advert>
  <Advert>
    <SiteAccountId>elegran</SiteAccountId>
    <AdvertId>58a538f2454acb31c0ad</AdvertId>
    <CustomerType>Private</CustomerType>
    <AdvertType>Sale</AdvertType>
    <GoodType>Flat</GoodType>
    <PublicationDate>2017-02-15T00:00:00.000Z</PublicationDate>
    <Rooms>3</Rooms>
    <Bedrooms>1</Bedrooms>
    <LivingArea>63</LivingArea>
    <Descriptions>
      <Description languages="en">Experience the height of NYC luxury in this exquisite building at 515 E 72nd. St. Located in the heart of the Upper East Side, only steps away from the 2nd Avenue subway, this building has all the best that NYC has to offer: luxury spa-like amenities, gorgeous interiors, and a coveted UES address.&lt;br&gt;&lt;br&gt;This south-facing 1 bedroom, 1 bath with 100 sq. ft balcony is move-in ready for an owner with discerning taste. The developer spared no expense to ensure this home boasts the finest finishes throughout. From the white Corian countertops/cabinets, Miele dishwasher, Liebherr refrigerator to the Piombo stone tiles, and Toto and Dornbracht fixtures in the bathroom every detail has been thoughtfully appointed. A visual treat, the apartment has walnut floors throughout with large, bright windows in each room, several spacious well-lit closets provide ample space for living and storage. Your full-size Bosch washer &amp; dryer is discreetly stored in an oversized closet to make laundry easy and out of sight.&lt;br&gt;&lt;br&gt;Come home to Manhattans first spa-inspired condominium with 40,000 sq. ft of amenities including a private park, indoor saltwater pool, hot tub, basketball, squash, racquetball, rock climbing wall, artist studios, and Jodis gym. To replenish yourself, the in-house spa offers massages, facials, and manicures adjacent to well-appointed locker rooms with male and female sauna and steam rooms.&lt;br&gt;&lt;br&gt;The level of service at 515 W 72nd will exceed your expectations with a 24/7 doorman and concierge, a complimentary breakfast each morning and an in-house valet to process your dry cleaning, and receive your deliveries. A parking garage is adjacent to the building.&lt;br&gt;&lt;br&gt;Pets are welcome.</Description>
    </Descriptions>
    <Photos>
      <Photo>https://images.datahubus.com/core_data/image/file/58a5c4/06ac83/271e89/b9c23a/_MG_0814-Edit-hi_final02.jpg</Photo>
      <Photo>https://images.datahubus.com/core_data/image/file/58a5c4/18a3bd/0c1e89/2a5dc4/_MG_0814-Edit-wm-2.jpg</Photo>
      <Photo>https://images.datahubus.com/core_data/image/file/58a5c4/38d263/311e6f/ef1ade/_MG_0825-Edit-hi%20(1)_final.jpg</Photo>
      <Photo>https://images.datahubus.com/core_data/image/file/58a5c4/824011/aa1e6f/b9459b/_MG_0838-Edit-wm.jpg</Photo>
      <Photo>https://images.datahubus.com/core_data/image/file/58a5c4/5b121e/e91e89/7c5670/_MG_0846-Edit-hi%20(1)_final.jpg</Photo>
      <Photo>https://images.datahubus.com/core_data/image/file/58a5c4/6f5abc/781e89/8551f7/_MG_0846-Edit-wm.jpg</Photo>
      <Photo>https://images.datahubus.com/core_data/image/file/58a5c4/4ae1e8/571e89/c3cfbd/_MG_0825-Edit-wm.jpg</Photo>
      <Photo>https://images.datahubus.com/core_data/image/file/58a5c4/93c32e/a41e6f/557bc5/_MG_0842-Edit-wm.jpg</Photo>
      <Photo>https://images.datahubus.com/core_data/image/file/58a5c4/a5d75f/d31e89/4497d1/_MG_0836-Edit-wm.jpg</Photo>
      <Photo>https://images.datahubus.com/core_data/image/file/58a615/243109/9f1e6f/689455/server-3.jpg</Photo>
      <Photo>https://images.datahubus.com/core_data/image/file/58a615/2ce913/331e6f/160d83/11.jpg</Photo>
      <Photo>https://images.datahubus.com/core_data/image/file/58a615/1ae298/5d1e6f/702f90/10.jpg</Photo>
    </Photos>
    <Price>1130000</Price>
    <PriceCurrency>USD</PriceCurrency>
    <IsAuction>0</IsAuction>
    <Country>US</Country>
    <HideAddress>false</HideAddress>
    <Furnished>false</Furnished>
    <Address>515 E 72ND ST</Address>
    <PostalCode>10021</PostalCode>
    <State>NY</State>
    <City>NEW YORK</City>
    <Geolocation>
      <Latitude>40.766842</Latitude>
      <Longitude>-73.953339</Longitude>
      <Accuracy>8</Accuracy>
    </Geolocation>
    <Bathrooms>1</Bathrooms>
    <Contact>
      <SiteAccountId>elegran</SiteAccountId>
      <CustomerType>Private</CustomerType>
      <CorporateName>Elegran Real Estate and Development</CorporateName>
      <FirstName>Elisabeth</FirstName>
      <LastName>Mohlmann</LastName>
      <LandPhone>+1646-386-7696</LandPhone>
      <MobilePhone>+1917-428-0932</MobilePhone>
      <Email>info@elegran.com</Email>
      <AgentId>5310cfb114a64fa06f00005a</AgentId>
      <AgentEmail>emohlmann@elegran.com</AgentEmail>
      <Website>https://www.elegran.com/agents/elisabeth-mohlmann</Website>
      <Address>353 Lexington Avenue</Address>
      <PostalCode>10016</PostalCode>
      <City>New York</City>
      <Country>US</Country>
      <Photo>https://images.datahubus.com/core_data/image/file/53e4ea/4014a6/4f5ae1/00005b/picture-420.jpg</Photo>
      <SpokenLanguages>English</SpokenLanguages>
    </Contact>
    <ConstructionYear>1985</ConstructionYear>
    <Reference>515 E 72ND STAPT 7G</Reference>
    <ServiceCharge>876</ServiceCharge>
  </Advert>
  <Advert>
    <SiteAccountId>elegran</SiteAccountId>
    <AdvertId>56b97aa715f997248228</AdvertId>
    <CustomerType>Private</CustomerType>
    <AdvertType>Sale</AdvertType>
    <GoodType>Flat</GoodType>
    <PublicationDate>2016-02-08T00:00:00.000Z</PublicationDate>
    <Rooms>4</Rooms>
    <Bedrooms>1</Bedrooms>
    <LivingArea>0</LivingArea>
    <Descriptions>
      <Description languages="en">East River views are enjoyed from the living room and dining room of this Junior 4 apartment currently for sale in 200 East End Avenue. The floor plan features a flexible layout that can be opened up for entertaining or closed off for a true 2 bedroom. The recently renovated windowed kitchen features granite countertops and stainless steel appliances. A covered terrace with direct water views is accessible off the living room via a sliding glass door which provides a natural extension of the entertaining space.&lt;br&gt;&lt;br&gt;This pet-friendly apartment is conveniently located across from Gracie Mansion, the East River Promenade, Asphalt Green, and the 2nd Avenue subway. Great access to Carl Shurz Park and neighborhood amenities such as swimming, soccer field's, dog runs and basketball courts. Residents of 200 East End Avenue have the modern comforts of a doorman, concierge, painter, porter, and handyman, in addition to the brand new laundry facility. The building features private garage spaces at low, resident-only pricing. Storage units are available for rent, and a state-of-the-art brand new gym. UTILITIES INCLUDED IN MAINTENANCE. Max Financing 65%</Description>
    </Descriptions>
    <Photos>
      <Photo>https://images.datahubus.com/core_data/image/file/581b89/bd8079/507e3c/01183f/5.jpg</Photo>
      <Photo>https://images.datahubus.com/core_data/image/file/581b89/d16112/ac582c/926f17/1.jpg</Photo>
      <Photo>https://images.datahubus.com/core_data/image/file/581b89/e39f5b/db7e3c/3029eb/3.jpg</Photo>
      <Photo>https://images.datahubus.com/core_data/image/file/581b89/f4ae49/137e3c/ca1863/2.jpg</Photo>
      <Photo>https://images.datahubus.com/core_data/image/file/581b8a/0397c1/9d582c/f1dd1e/6.jpg</Photo>
      <Photo>https://images.datahubus.com/core_data/image/file/581b8a/12862f/9d7e3c/c232be/4.jpg</Photo>
    </Photos>
    <Price>799000</Price>
    <PriceCurrency>USD</PriceCurrency>
    <IsAuction>0</IsAuction>
    <Country>US</Country>
    <HideAddress>false</HideAddress>
    <Furnished>false</Furnished>
    <Address>200 E END AVE</Address>
    <PostalCode>10128</PostalCode>
    <State>NY</State>
    <City>NEW YORK</City>
    <Geolocation>
      <Latitude>40.77734</Latitude>
      <Longitude>-73.94352</Longitude>
      <Accuracy>8</Accuracy>
    </Geolocation>
    <Bathrooms>1</Bathrooms>
    <Contact>
      <SiteAccountId>elegran</SiteAccountId>
      <CustomerType>Private</CustomerType>
      <CorporateName>Elegran Real Estate and Development</CorporateName>
      <FirstName>Nick</FirstName>
      <LastName>Anable</LastName>
      <LandPhone>+1212-729-5712, Ext. 145</LandPhone>
      <MobilePhone>+1831-320-3891</MobilePhone>
      <Email>info@elegran.com</Email>
      <AgentId>530b7a4914a64fe879000084</AgentId>
      <AgentEmail>nanable@elegran.com</AgentEmail>
      <Website>https://www.elegran.com/agents/nick-anable</Website>
      <Address>353 Lexington Avenue</Address>
      <PostalCode>10016</PostalCode>
      <City>New York</City>
      <Country>US</Country>
      <Photo>https://images.datahubus.com/core_data/image/file/5883a6/91d272/d4412d/a112fb/45a27fe0-9f14-4ca4-a48c-b508c73d9da2_nick-anable-sq.jpg</Photo>
      <SpokenLanguages>English</SpokenLanguages>
    </Contact>
    <ConstructionYear>1952</ConstructionYear>
    <Reference>200 E END AVEAPT 4E</Reference>
    <ServiceCharge>1873</ServiceCharge>
  </Advert>
</Adverts>
